사업소,호기,일자,황산화물(ppm)기준,황산화물(ppm)평균,질소산화물(ppm)기준,질소산화물(ppm)평균,먼지(㎎/S㎥)기준,먼지(㎎/S㎥)평균,월,NOX_일평균,SOX_일평균,먼지,산소,유량,온도
삼천포,3A호기,202412,70.0,14.1,140.0,32.0,25.0,2.8,202412,30.118709677419357,11.840645161290322,2.793548387096774,7.004838709677419,64689.34741935484,90.79225806451613
삼천포,3B호기,202412,70.0,14.1,140.0,32.0,25.0,2.8,202412,29.27548387096774,18.273870967741935,2.555483870967742,6.738387096774194,68324.73838709678,93.46677419354837
삼천포,4A호기,202412,70.0,14.1,140.0,32.0,25.0,2.8,202412,91.53806451612903,12.256451612903225,71.72,15.737741935483871,23945.69935483871,44.005806451612905
삼천포,4B호기,202412,70.0,14.1,140.0,32.0,25.0,2.8,202412,115.2216129032258,9.22258064516129,99.04387096774194,15.816129032258065,26795.940645161292,44.36451612903225
삼천포,5A호기,202412,140.0,9.5,140.0,1.4,25.0,0.8,202412,17.608709677419355,17.235806451612902,18.985806451612905,10.26774193548387,55904.532258064515,73.41935483870968
삼천포,5B호기,202412,140.0,9.5,140.0,1.4,25.0,0.8,202412,9.651935483870966,14.589677419354837,23.536451612903225,10.340967741935483,45708.323548387096,73.44483870967741
삼천포,6A호기,202412,140.0,9.5,140.0,1.4,25.0,0.8,202412,11.944838709677418,16.84225806451613,47.59548387096774,8.113225806451613,59831.62483870968,74.22516129032257
삼천포,6B호기,202412,140.0,9.5,140.0,1.4,25.0,0.8,202412,5.027096774193549,13.633548387096774,22.697741935483872,7.944193548387097,66321.37387096774,72.86935483870967
영흥,1호기,202412,45.0,1.7,55.0,9.9,20.0,4.2,202412,1.5203225806451615,17.588064516129034,678.84,21.076129032258066,47.751935483870966,1.8412903225806452
영흥,2호기,202412,45.0,1.7,55.0,9.9,20.0,4.2,202412,0.9438709677419355,46.52645161290322,581.1612903225806,21.01225806451613,60.277096774193545,2.1396774193548387
영흥,3호기,202412,25.0,16.1,15.0,12.0,5.0,1.5,202412,5.3990322580645165,8.78225806451613,254.32709677419356,21.18064516129032,12.618709677419355,3.2174193548387096
영흥,4호기,202412,25.0,16.1,15.0,12.0,5.0,1.5,202412,12.01516129032258,16.18806451612903,1.4574193548387098,4.901290322580645,212242.92967741936,86.35516129032258
삼천포,5A호기,202412,25.0,9.6,15.0,9.6,5.0,2.1,202412,17.608709677419355,17.235806451612902,18.985806451612905,10.26774193548387,55904.532258064515,73.41935483870968
삼천포,5B호기,202412,25.0,9.6,15.0,9.6,5.0,2.1,202412,9.651935483870966,14.589677419354837,23.536451612903225,10.340967741935483,45708.323548387096,73.44483870967741
삼천포,6A호기,202412,25.0,9.6,15.0,9.6,5.0,2.1,202412,11.944838709677418,16.84225806451613,47.59548387096774,8.113225806451613,59831.62483870968,74.22516129032257
삼천포,6B호기,202412,25.0,9.6,15.0,9.6,5.0,2.1,202412,5.027096774193549,13.633548387096774,22.697741935483872,7.944193548387097,66321.37387096774,72.86935483870967
삼천포,3A호기,202411,70.0,15.4,140.0,32.4,25.0,2.6,202411,55.94266666666667,13.162666666666667,116.435,11.884666666666668,42104.681666666664,68.89
삼천포,3B호기,202411,70.0,15.4,140.0,32.4,25.0,2.6,202411,72.55066666666667,21.087333333333333,144.66866666666664,11.747333333333334,42827.02366666667,68.91333333333334
삼천포,4A호기,202411,70.0,15.4,140.0,32.4,25.0,2.6,202411,64.63799999999999,4.578666666666666,37.02066666666667,20.937,582.175,12.553666666666667
삼천포,4B호기,202411,70.0,15.4,140.0,32.4,25.0,2.6,202411,30.07133333333333,10.806333333333333,61.532666666666664,21.045,539.6126666666667,13.229666666666667
삼천포,5A호기,202411,140.0,9.0,140.0,1.5,25.0,0.8,202411,10.319666666666667,7.377,7.117333333333334,14.819666666666668,30584.994333333336,59.648
삼천포,5B호기,202411,140.0,9.0,140.0,1.5,25.0,0.8,202411,4.423,7.542000000000001,35.69533333333334,15.007,25123.175,58.705000000000005
삼천포,6A호기,202411,140.0,9.0,140.0,1.5,25.0,0.8,202411,2.3246666666666664,9.609,5.426666666666667,7.1770000000000005,62937.14033333333,79.15633333333334
삼천포,6B호기,202411,140.0,9.0,140.0,1.5,25.0,0.8,202411,2.4993333333333334,9.264999999999999,6.3853333333333335,7.019666666666667,68922.05566666667,79.02133333333333
영흥,1호기,202411,45.0,1.8,55.0,11.9,20.0,1.9,202411,0.46799999999999997,19.435,705.0643333333334,21.03533333333333,40.204,9.514333333333333
영흥,2호기,202411,45.0,1.8,55.0,11.9,20.0,1.9,202411,1.1803333333333332,33.456,490.436,20.962666666666667,3418.7439999999997,10.062999999999999
영흥,3호기,202411,25.0,16.0,15.0,12.0,5.0,1.5,202411,0.1996666666666667,19.729666666666667,288.61066666666665,21.110333333333337,50.26566666666667,11.075333333333333
영흥,4호기,202411,25.0,16.0,15.0,12.0,5.0,1.5,202411,11.350999999999999,14.453,4.142333333333333,6.968,180004.8646666667,78.75866666666667
삼천포,5A호기,202411,25.0,9.6,15.0,9.3,5.0,1.9,202411,10.319666666666667,7.377,7.117333333333334,14.819666666666668,30584.994333333336,59.648
삼천포,5B호기,202411,25.0,9.6,15.0,9.3,5.0,1.9,202411,4.423,7.542000000000001,35.69533333333334,15.007,25123.175,58.705000000000005
삼천포,6A호기,202411,25.0,9.6,15.0,9.3,5.0,1.9,202411,2.3246666666666664,9.609,5.426666666666667,7.1770000000000005,62937.14033333333,79.15633333333334
삼천포,6B호기,202411,25.0,9.6,15.0,9.3,5.0,1.9,202411,2.4993333333333334,9.264999999999999,6.3853333333333335,7.019666666666667,68922.05566666667,79.02133333333333
삼천포,3A호기,202410,70.0,15.9,140.0,31.5,25.0,2.9,202410,34.854193548387094,13.982903225806451,25.983870967741936,8.031290322580645,59264.75,88.56516129032258
삼천포,3B호기,202410,70.0,15.9,140.0,31.5,25.0,2.9,202410,33.16548387096775,18.982903225806453,43.17322580645161,7.788064516129032,61035.065161290324,90.83838709677418
삼천포,4A호기,202410,70.0,15.9,140.0,31.5,25.0,2.9,202410,50.86741935483871,3.435161290322581,15.509677419354839,20.89548387096774,306.18225806451613,18.798709677419353
삼천포,4B호기,202410,70.0,15.9,140.0,31.5,25.0,2.9,202410,41.09806451612903,2.565483870967742,13.508387096774193,21.031290322580645,522.0816129032258,19.450322580645164
삼천포,5A호기,202410,140.0,9.2,140.0,1.7,25.0,0.9,202410,6.425161290322581,14.066129032258065,92.35548387096775,11.335806451612902,46500.62870967742,63.64677419354839
삼천포,5B호기,202410,140.0,9.2,140.0,1.7,25.0,0.9,202410,2.13258064516129,9.114516129032259,326.008064516129,11.408064516129032,39472.45064516129,64.21774193548387
삼천포,6A호기,202410,140.0,9.2,140.0,1.7,25.0,0.9,202410,6.421290322580645,18.153225806451612,127.74967741935482,13.306774193548387,36060.99064516129,66.93935483870968
삼천포,6B호기,202410,140.0,9.2,140.0,1.7,25.0,0.9,202410,3.9664516129032257,17.124193548387098,72.66064516129032,13.166451612903227,39049.98645161291,64.52677419354839
영흥,1호기,202410,45.0,1.7,55.0,11.4,20.0,2.2,202410,0.6387096774193549,18.05032258064516,726.7383870967742,21.02709677419355,35.071935483870966,16.08483870967742
영흥,2호기,202410,45.0,1.7,55.0,11.4,20.0,2.2,202410,0.30129032258064514,24.991612903225807,464.7090322580645,20.938064516129035,241.6067741935484,16.52741935483871
영흥,3호기,202410,25.0,15.4,15.0,11.4,5.0,1.4,202410,0.4029032258064516,2.849354838709677,296.8287096774194,21.02516129032258,50.571935483870966,17.486129032258066
영흥,4호기,202410,25.0,15.4,15.0,11.4,5.0,1.4,202410,11.113225806451613,15.069354838709677,5.60741935483871,5.39483870967742,205663.3029032258,82.9841935483871
삼천포,5A호기,202410,25.0,9.7,15.0,9.3,5.0,1.8,202410,6.425161290322581,14.066129032258065,92.35548387096775,11.335806451612902,46500.62870967742,63.64677419354839
삼천포,5B호기,202410,25.0,9.7,15.0,9.3,5.0,1.8,202410,2.13258064516129,9.114516129032259,326.008064516129,11.408064516129032,39472.45064516129,64.21774193548387
삼천포,6A호기,202410,25.0,9.7,15.0,9.3,5.0,1.8,202410,6.421290322580645,18.153225806451612,127.74967741935482,13.306774193548387,36060.99064516129,66.93935483870968
삼천포,6B호기,202410,25.0,9.7,15.0,9.3,5.0,1.8,202410,3.9664516129032257,17.124193548387098,72.66064516129032,13.166451612903227,39049.98645161291,64.52677419354839
삼천포,3A호기,202409,70.0,18.8,140.0,31.2,25.0,3.7,202409,31.46833333333333,15.868666666666666,31.007,7.719666666666667,60700.257666666665,90.42733333333334
삼천포,3B호기,202409,70.0,18.8,140.0,31.2,25.0,3.7,202409,28.541666666666668,23.028000000000002,67.426,7.54,62146.488999999994,91.80199999999999
삼천포,4A호기,202409,70.0,18.8,140.0,31.2,25.0,3.7,202409,127.89333333333335,11.808,286.812,20.551333333333332,1510.912,33.47
삼천포,4B호기,202409,70.0,18.8,140.0,31.2,25.0,3.7,202409,15.006333333333334,1.9056666666666666,197.47833333333335,20.48933333333333,2314.200333333333,32.729
삼천포,5A호기,202409,140.0,9.4,140.0,2.1,25.0,0.9,202409,2.674,7.424666666666667,70.39666666666668,10.237,61746.68,72.50933333333334
삼천포,5B호기,202409,140.0,9.4,140.0,2.1,25.0,0.9,202409,2.543,8.227666666666666,36.126,10.316,46156.893000000004,71.838
삼천포,6A호기,202409,140.0,9.4,140.0,2.1,25.0,0.9,202409,3.8243333333333336,13.479999999999999,211.12566666666666,10.035,51117.164333333334,76.071
삼천포,6B호기,202409,140.0,9.4,140.0,2.1,25.0,0.9,202409,3.8706666666666667,8.948666666666666,26.225666666666665,9.865666666666668,54890.62033333334,74.65533333333333
영흥,1호기,202409,45.0,1.5,55.0,10.2,20.0,2.8,202409,2.5866666666666664,18.699666666666666,668.2006666666667,21.016666666666666,35.21333333333334,23.617
영흥,2호기,202409,45.0,1.5,55.0,10.2,20.0,2.8,202409,0.36966666666666664,12.999666666666666,359.299,20.905666666666665,84.49499999999999,24.030666666666665
영흥,3호기,202409,25.0,15.4,15.0,11.8,5.0,1.7,202409,7.406000000000001,9.590333333333332,159.01933333333332,11.721,124191.40666666668,63.769666666666666
영흥,4호기,202409,25.0,15.4,15.0,11.8,5.0,1.7,202409,11.414,15.261666666666665,1.5726666666666667,4.8036666666666665,222313.325,87.76566666666666
삼천포,5A호기,202409,25.0,9.0,15.0,9.4,5.0,1.5,202409,2.674,7.424666666666667,70.39666666666668,10.237,61746.68,72.50933333333334
삼천포,5B호기,202409,25.0,9.0,15.0,9.4,5.0,1.5,202409,2.543,8.227666666666666,36.126,10.316,46156.893000000004,71.838
삼천포,6A호기,202409,25.0,9.0,15.0,9.4,5.0,1.5,202409,3.8243333333333336,13.479999999999999,211.12566666666666,10.035,51117.164333333334,76.071
삼천포,6B호기,202409,25.0,9.0,15.0,9.4,5.0,1.5,202409,3.8706666666666667,8.948666666666666,26.225666666666665,9.865666666666668,54890.62033333334,74.65533333333333
삼천포,3A호기,202408,70.0,18.6,140.0,31.7,25.0,4.4,202408,31.003548387096775,15.218709677419357,5.239677419354839,6.805806451612903,65186.854838709674,94.68354838709678
삼천포,3B호기,202408,70.0,18.6,140.0,31.7,25.0,4.4,202408,29.350322580645162,21.115483870967743,5.411612903225806,6.622580645161291,67719.94064516129,96.85935483870968
삼천포,4A호기,202408,70.0,18.6,140.0,31.7,25.0,4.4,202408,35.88677419354839,28.606129032258064,69.47483870967743,7.679354838709678,52271.23516129032,74.49225806451612
삼천포,4B호기,202408,70.0,18.6,140.0,31.7,25.0,4.4,202408,28.96,13.408387096774195,72.90032258064515,7.694516129032258,67159.3735483871,73.21967741935484
삼천포,5A호기,202408,140.0,8.7,140.0,2.1,25.0,0.7,202408,2.5925806451612905,7.735806451612904,2.258387096774194,6.086129032258064,74574.97903225807,83.42193548387097
삼천포,5B호기,202408,140.0,8.7,140.0,2.1,25.0,0.7,202408,2.562258064516129,8.041935483870967,7.535483870967742,6.361290322580645,62070.79580645161,83.17935483870967
삼천포,6A호기,202408,140.0,8.7,140.0,2.1,25.0,0.7,202408,3.8245161290322582,9.930967741935484,33.049032258064514,7.920645161290322,58879.323548387096,73.2925806451613
삼천포,6B호기,202408,140.0,8.7,140.0,2.1,25.0,0.7,202408,4.453548387096775,7.771935483870968,13.13967741935484,7.258387096774193,64468.205161290316,79.39741935483872
영흥,1호기,202408,45.0,1.5,55.0,9.7,20.0,2.8,202408,6.175,15.399333333333335,667.7743333333333,21.023666666666667,32.26766666666666,26.334666666666667
영흥,2호기,202408,45.0,1.5,55.0,9.7,20.0,2.8,202408,1.1436666666666668,1.6119999999999999,579.126,20.944333333333336,53.397333333333336,26.714333333333332
영흥,3호기,202408,25.0,16.7,15.0,12.0,5.0,1.9,202408,12.306333333333333,16.928333333333335,2.0923333333333334,5.410666666666667,221117.906,88.257
영흥,4호기,202408,25.0,16.7,15.0,12.0,5.0,1.9,202408,11.629999999999999,16.526,1.7660000000000002,4.992666666666667,226637.72766666667,89.05
삼천포,5A호기,202408,25.0,9.4,15.0,9.5,5.0,1.6,202408,2.5925806451612905,7.735806451612904,2.258387096774194,6.086129032258064,74574.97903225807,83.42193548387097
삼천포,5B호기,202408,25.0,9.4,15.0,9.5,5.0,1.6,202408,2.562258064516129,8.041935483870967,7.535483870967742,6.361290322580645,62070.79580645161,83.17935483870967
삼천포,6A호기,202408,25.0,9.4,15.0,9.5,5.0,1.6,202408,3.8245161290322582,9.930967741935484,33.049032258064514,7.920645161290322,58879.323548387096,73.2925806451613
삼천포,6B호기,202408,25.0,9.4,15.0,9.5,5.0,1.6,202408,4.453548387096775,7.771935483870968,13.13967741935484,7.258387096774193,64468.205161290316,79.39741935483872
삼천포,3A호기,202407,70.0,17.0,140.0,32.4,25.0,3.2,202407,35.69967741935484,9.848064516129034,32.32064516129032,11.803870967741936,42155.067741935476,70.82096774193548
삼천포,3B호기,202407,70.0,17.0,140.0,32.4,25.0,3.2,202407,35.40032258064517,16.04290322580645,27.833548387096776,11.643870967741936,43517.382580645164,71.7783870967742
삼천포,4A호기,202407,70.0,17.0,140.0,32.4,25.0,3.2,202407,33.13870967741936,20.2241935483871,394.1151612903226,9.755806451612903,42598.96677419355,67.60935483870968
삼천포,4B호기,202407,70.0,17.0,140.0,32.4,25.0,3.2,202407,25.89741935483871,9.328387096774193,187.4974193548387,9.84451612903226,54433.35838709678,65.64483870967742
삼천포,5A호기,202407,140.0,9.8,140.0,1.8,25.0,0.8,202407,1.9293548387096775,7.789354838709677,1.3025806451612905,5.986451612903226,68446.55451612904,82.62612903225806
삼천포,5B호기,202407,140.0,9.8,140.0,1.8,25.0,0.8,202407,2.121935483870968,9.589677419354837,0.8325806451612903,5.898387096774194,61669.13838709678,82.33387096774193
삼천포,6A호기,202407,140.0,9.8,140.0,1.8,25.0,0.8,202407,4.527096774193549,9.740645161290322,38.17935483870968,9.798709677419355,48921.648709677414,66.70387096774193
삼천포,6B호기,202407,140.0,9.8,140.0,1.8,25.0,0.8,202407,4.875806451612903,8.615806451612903,25.883225806451613,9.66451612903226,52251.942903225805,79.16
영흥,1호기,202407,45.0,1.5,55.0,10.3,20.0,2.9,202407,5.304838709677419,16.496774193548386,704.6583870967742,21.024193548387096,52.16709677419355,23.305806451612902
영흥,2호기,202407,45.0,1.5,55.0,10.3,20.0,2.9,202407,0.5267741935483872,3.3248387096774192,507.7664516129032,20.928709677419352,94.03225806451613,23.710967741935484
영흥,3호기,202407,25.0,17.3,15.0,11.9,5.0,1.9,202407,12.186451612903225,17.47193548387097,1.9793548387096773,5.196129032258065,223898.06193548386,87.34096774193549
영흥,4호기,202407,25.0,17.3,15.0,11.9,5.0,1.9,202407,17.53258064516129,17.36741935483871,141.83193548387098,8.156774193548388,173745.41741935484,80.26451612903226
삼천포,5A호기,202407,25.0,9.8,15.0,9.5,5.0,1.3,202407,1.9293548387096775,7.789354838709677,1.3025806451612905,5.986451612903226,68446.55451612904,82.62612903225806
삼천포,5B호기,202407,25.0,9.8,15.0,9.5,5.0,1.3,202407,2.121935483870968,9.589677419354837,0.8325806451612903,5.898387096774194,61669.13838709678,82.33387096774193
삼천포,6A호기,202407,25.0,9.8,15.0,9.5,5.0,1.3,202407,4.527096774193549,9.740645161290322,38.17935483870968,9.798709677419355,48921.648709677414,66.70387096774193
삼천포,6B호기,202407,25.0,9.8,15.0,9.5,5.0,1.3,202407,4.875806451612903,8.615806451612903,25.883225806451613,9.66451612903226,52251.942903225805,79.16
삼천포,3A호기,202406,70.0,18.1,140.0,33.2,25.0,3.6,202406,49.36633333333334,14.323666666666666,105.29400000000001,20.980999999999998,6.419333333333333,23.858
삼천포,3B호기,202406,70.0,18.1,140.0,33.2,25.0,3.6,202406,7.1693333333333324,14.559,91.078,20.985,34.48833333333334,23.422666666666665
삼천포,4A호기,202406,70.0,18.1,140.0,33.2,25.0,3.6,202406,33.49,25.270666666666667,23.599666666666668,7.34,52089.68066666667,72.81733333333334
삼천포,4B호기,202406,70.0,18.1,140.0,33.2,25.0,3.6,202406,29.267,11.694666666666667,7.616333333333333,7.322333333333333,68373.35133333334,71.08766666666666
삼천포,5A호기,202406,140.0,9.1,140.0,2.8,25.0,1.1,202406,10.377666666666666,36.686,66.79333333333334,20.272,2728.952333333333,38.04866666666667
삼천포,5B호기,202406,140.0,9.1,140.0,2.8,25.0,1.1,202406,11.278,42.03866666666667,18.563333333333333,20.289666666666665,5406.123333333334,37.80166666666666
삼천포,6A호기,202406,140.0,9.1,140.0,2.8,25.0,1.1,202406,2.7203333333333335,9.624333333333334,5.192333333333334,7.147666666666667,43835.62333333333,70.11766666666668
삼천포,6B호기,202406,140.0,9.1,140.0,2.8,25.0,1.1,202406,2.904333333333333,8.146333333333333,3.437,6.993666666666667,50851.46433333333,82.77066666666666
영흥,1호기,202406,45.0,1.6,55.0,10.0,20.0,3.1,202406,15.986,4.260666666666666,644.4383333333334,21.023666666666667,25.053333333333335,19.076666666666664
영흥,2호기,202406,45.0,1.6,55.0,10.0,20.0,3.1,202406,1.0826666666666667,11.185333333333334,516.5866666666667,20.952,43.12,19.721333333333334
영흥,3호기,202406,25.0,15.9,15.0,10.8,5.0,1.7,202406,8.476666666666667,9.96,113.45133333333334,10.744333333333334,135488.56333333332,68.286
영흥,4호기,202406,25.0,15.9,15.0,10.8,5.0,1.7,202406,9.639666666666667,14.945666666666666,1.5473333333333334,5.177333333333333,211212.92766666666,88.49266666666668
삼천포,5A호기,202406,25.0,9.5,15.0,9.5,5.0,1.8,202406,10.377666666666666,36.686,66.79333333333334,20.272,2728.952333333333,38.04866666666667
삼천포,5B호기,202406,25.0,9.5,15.0,9.5,5.0,1.8,202406,11.278,42.03866666666667,18.563333333333333,20.289666666666665,5406.123333333334,37.80166666666666
삼천포,6A호기,202406,25.0,9.5,15.0,9.5,5.0,1.8,202406,2.7203333333333335,9.624333333333334,5.192333333333334,7.147666666666667,43835.62333333333,70.11766666666668
삼천포,6B호기,202406,25.0,9.5,15.0,9.5,5.0,1.8,202406,2.904333333333333,8.146333333333333,3.437,6.993666666666667,50851.46433333333,82.77066666666666
삼천포,3A호기,202405,70.0,19.1,140.0,31.2,25.0,3.1,202405,36.34322580645161,17.568064516129034,56.36354838709677,7.879677419354839,63814.050322580646,90.65709677419355
삼천포,3B호기,202405,70.0,19.1,140.0,31.2,25.0,3.1,202405,28.51258064516129,20.463225806451614,20.620967741935484,7.78483870967742,67843.24032258065,93.57516129032258
삼천포,4A호기,202405,70.0,19.1,140.0,31.2,25.0,3.1,202405,33.47354838709678,25.385806451612904,147.7774193548387,7.029032258064516,58135.80935483871,73.77774193548387
삼천포,4B호기,202405,70.0,19.1,140.0,31.2,25.0,3.1,202405,29.582903225806454,11.866774193548387,18.544838709677418,6.9396774193548385,76473.4693548387,71.46967741935484
삼천포,5A호기,202405,140.0,9.4,140.0,3.3,25.0,2.0,202405,5.3422580645161295,19.246129032258064,54.276774193548384,21.01483870967742,143.62387096774194,19.148064516129033
삼천포,5B호기,202405,140.0,9.4,140.0,3.3,25.0,2.0,202405,1.4238709677419354,18.534193548387094,20.149677419354838,21.056451612903224,75.20870967741936,20.67967741935484
삼천포,6A호기,202405,140.0,9.4,140.0,3.3,25.0,2.0,202405,43.34903225806451,20.121935483870967,116.05709677419355,18.872258064516128,7402.255483870968,29.78548387096774
삼천포,6B호기,202405,140.0,9.4,140.0,3.3,25.0,2.0,202405,220.72387096774193,51.23516129032258,86.47677419354838,18.884838709677418,11102.338709677419,32.20870967741936
영흥,1호기,202405,45.0,1.8,55.0,12.0,20.0,1.9,202405,31.07225806451613,13.420645161290324,780.7590322580645,21.024193548387096,16.401612903225807,13.935806451612903
영흥,2호기,202405,45.0,1.8,55.0,12.0,20.0,1.9,202405,0.5638709677419355,15.706451612903225,526.021935483871,20.944193548387098,26.60290322580645,14.621612903225806
영흥,3호기,202405,25.0,14.7,15.0,11.9,5.0,1.7,202405,12.393548387096773,15.09483870967742,1.6864516129032259,5.075161290322581,224495.8322580645,83.55387096774194
영흥,4호기,202405,25.0,14.7,15.0,11.9,5.0,1.7,202405,7.4148387096774195,5.772903225806452,80.62967741935483,17.711612903225806,39331.462258064515,35.519677419354835
삼천포,5A호기,202405,25.0,10.6,15.0,9.4,5.0,1.8,202405,5.3422580645161295,19.246129032258064,54.276774193548384,21.01483870967742,143.62387096774194,19.148064516129033
삼천포,5B호기,202405,25.0,10.6,15.0,9.4,5.0,1.8,202405,1.4238709677419354,18.534193548387094,20.149677419354838,21.056451612903224,75.20870967741936,20.67967741935484
삼천포,6A호기,202405,25.0,10.6,15.0,9.4,5.0,1.8,202405,43.34903225806451,20.121935483870967,116.05709677419355,18.872258064516128,7402.255483870968,29.78548387096774
삼천포,6B호기,202405,25.0,10.6,15.0,9.4,5.0,1.8,202405,220.72387096774193,51.23516129032258,86.47677419354838,18.884838709677418,11102.338709677419,32.20870967741936
삼천포,3A호기,202404,70.0,18.3,140.0,31.9,25.0,3.0,202404,36.409666666666666,16.009333333333334,33.98833333333334,9.145333333333333,57678.08700000001,84.02666666666667
삼천포,3B호기,202404,70.0,18.3,140.0,31.9,25.0,3.0,202404,29.541999999999998,20.195666666666668,38.120999999999995,9.080666666666668,61143.62733333334,87.29733333333334
삼천포,4A호기,202404,70.0,18.3,140.0,31.9,25.0,3.0,202404,62.70466666666666,24.543,86.718,10.260666666666667,45196.551666666666,62.541666666666664
삼천포,4B호기,202404,70.0,18.3,140.0,31.9,25.0,3.0,202404,26.995333333333335,10.815666666666667,128.27200000000002,10.204333333333333,60209.69633333334,61.205000000000005
삼천포,5A호기,202404,140.0,10.1,140.0,2.4,25.0,1.4,202404,6.619333333333333,12.169,185.57233333333335,16.07,23670.65,43.38366666666666
삼천포,5B호기,202404,140.0,10.1,140.0,2.4,25.0,1.4,202404,3.589,8.902333333333333,98.042,16.137333333333334,20207.072666666663,42.18933333333334
삼천포,6A호기,202404,140.0,10.1,140.0,2.4,25.0,1.4,202404,41.89366666666667,24.39,40.69233333333333,21.059,33.129,16.266000000000002
삼천포,6B호기,202404,140.0,10.1,140.0,2.4,25.0,1.4,202404,32.10966666666666,45.995,114.76733333333333,21.089333333333332,541.9583333333334,16.736666666666668
여수,1호기,202404,,4.3,,16.0,,3.4,202404,19.07,1.5706666666666667,58.69633333333333,19.444666666666667,6575.061333333333,33.74333333333333
영흥,1호기,202404,45.0,1.7,55.0,10.9,20.0,2.8,202404,0.9506666666666667,31.08833333333333,695.6460000000001,21.033666666666665,21.233333333333334,11.281666666666666
영흥,2호기,202404,45.0,1.7,55.0,10.9,20.0,2.8,202404,1.7243333333333333,5.402,572.622,21.000666666666667,25.413,11.934666666666667
영흥,3호기,202404,25.0,15.0,15.0,12.5,5.0,2.0,202404,12.766333333333334,15.093,4.0776666666666666,5.276,214578.506,83.00566666666667
영흥,4호기,202404,25.0,15.0,15.0,12.5,5.0,2.0,202404,2.4466666666666668,11.398666666666665,78.97333333333333,20.809666666666665,185.57366666666667,13.446333333333333
삼천포,5A호기,202404,25.0,9.9,15.0,8.9,5.0,2.4,202404,6.619333333333333,12.169,185.57233333333335,16.07,23670.65,43.38366666666666
삼천포,5B호기,202404,25.0,9.9,15.0,8.9,5.0,2.4,202404,3.589,8.902333333333333,98.042,16.137333333333334,20207.072666666663,42.18933333333334
삼천포,6A호기,202404,25.0,9.9,15.0,8.9,5.0,2.4,202404,41.89366666666667,24.39,40.69233333333333,21.059,33.129,16.266000000000002
삼천포,6B호기,202404,25.0,9.9,15.0,8.9,5.0,2.4,202404,32.10966666666666,45.995,114.76733333333333,21.089333333333332,541.9583333333334,16.736666666666668
분당,1호기,202403,35.0,0.0,100.0,8.4,15.0,0.0,202403,8.025483870967742,,,15.34032258064516,62287.4735483871,119.49709677419354
분당,2호기,202403,35.0,0.0,100.0,8.4,15.0,0.0,202403,4.497096774193548,,,19.668387096774193,13778.296774193548,51.575161290322576
분당,3호기,202403,35.0,0.0,100.0,8.4,15.0,0.0,202403,7.547741935483871,,,17.078387096774193,40795.79709677419,94.03129032258065
분당,4호기,202403,35.0,0.0,100.0,8.4,15.0,0.0,202403,3.265806451612903,,,18.776774193548388,26769.366129032256,57.98483870967742
분당,5호기,202403,35.0,0.0,100.0,8.4,15.0,0.0,202403,4.83741935483871,,,19.574838709677422,25045.73258064516,49.81354838709677
분당,6호기,202403,35.0,0.0,100.0,8.4,15.0,0.0,202403,4.972903225806451,,,18.606774193548386,26881.00612903226,55.82225806451613
분당,7호기,202403,35.0,0.0,100.0,8.4,15.0,0.0,202403,5.262903225806451,,,18.614516129032257,26624.542903225803,53.50741935483871
분당,8호기,202403,35.0,0.0,100.0,8.4,15.0,0.0,202403,3.398387096774193,,,18.94645161290323,21952.27935483871,51.009354838709676
삼천포,3A호기,202403,70.0,18.0,140.0,40.2,25.0,3.4,202403,146.81096774193549,18.804516129032255,145.80580645161288,19.216129032258067,7663.861290322581,22.45483870967742
삼천포,3B호기,202403,70.0,18.0,140.0,40.2,25.0,3.4,202403,48.498387096774195,17.438064516129035,113.4274193548387,19.21483870967742,8377.54193548387,23.969354838709677
삼천포,4A호기,202403,70.0,18.0,140.0,40.2,25.0,3.4,202403,123.41032258064516,19.301290322580645,167.40709677419355,13.956451612903225,32366.33709677419,48.51483870967742
삼천포,4B호기,202403,70.0,18.0,140.0,40.2,25.0,3.4,202403,70.80129032258066,8.403548387096773,55.01483870967742,13.899999999999999,41310.90129032258,47.39
삼천포,5A호기,202403,140.0,8.2,140.0,2.5,25.0,0.9,202403,2.7938709677419356,7.3825806451612905,0.7406451612903227,6.1729032258064525,74425.84516129033,83.88677419354838
삼천포,5B호기,202403,140.0,8.2,140.0,2.5,25.0,0.9,202403,2.866129032258064,8.452580645161289,0.6135483870967742,6.36483870967742,63112.533870967745,81.41967741935484
삼천포,6A호기,202403,140.0,8.2,140.0,2.5,25.0,0.9,202403,94.46000000000001,38.05,173.62290322580645,17.267419354838708,18808.299032258066,28.41032258064516
삼천포,6B호기,202403,140.0,8.2,140.0,2.5,25.0,0.9,202403,19.872258064516128,13.104193548387098,95.4790322580645,17.111290322580647,21629.89,32.70258064516129
여수,1호기,202403,,6.3,,19.5,,2.6,202403,4.280322580645161,0.05806451612903226,66.22612903225806,20.538709677419355,1443.1974193548388,17.798709677419353
영흥,1호기,202403,45.0,1.6,55.0,10.1,20.0,3.0,202403,0.8196774193548387,34.57032258064516,641.8777419354839,21.05483870967742,48.009032258064515,4.703870967741936
영흥,2호기,202403,45.0,1.6,55.0,10.1,20.0,3.0,202403,1.5548387096774192,4.1329032258064515,586.8545161290323,21.093225806451613,55.34225806451612,5.291290322580645
영흥,3호기,202403,25.0,14.3,15.0,11.9,5.0,2.2,202403,11.08258064516129,11.924193548387096,29.50903225806452,7.840645161290323,181631.6406451613,75.1974193548387
영흥,4호기,202403,25.0,14.3,15.0,11.9,5.0,2.2,202403,9.850967741935484,13.95483870967742,48.237096774193546,8.440645161290323,166103.38709677418,72.1758064516129
삼천포,5A호기,202403,25.0,8.5,15.0,8.9,5.0,3.0,202403,2.7938709677419356,7.3825806451612905,0.7406451612903227,6.1729032258064525,74425.84516129033,83.88677419354838
삼천포,5B호기,202403,25.0,8.5,15.0,8.9,5.0,3.0,202403,2.866129032258064,8.452580645161289,0.6135483870967742,6.36483870967742,63112.533870967745,81.41967741935484
삼천포,6A호기,202403,25.0,8.5,15.0,8.9,5.0,3.0,202403,94.46000000000001,38.05,173.62290322580645,17.267419354838708,18808.299032258066,28.41032258064516
삼천포,6B호기,202403,25.0,8.5,15.0,8.9,5.0,3.0,202403,19.872258064516128,13.104193548387098,95.4790322580645,17.111290322580647,21629.89,32.70258064516129
분당,1호기,202402,35.0,0.0,100.0,8.2,15.0,0.0,202402,5.863448275862068,,,16.396551724137932,51454.21000000001,107.12137931034482
분당,2호기,202402,35.0,0.0,100.0,8.2,15.0,0.0,202402,4.053793103448276,,,18.910689655172412,20773.944137931034,60.817241379310346
분당,3호기,202402,35.0,0.0,100.0,8.2,15.0,0.0,202402,5.0024137931034485,,,17.28965517241379,38456.35206896551,90.18586206896552
분당,4호기,202402,35.0,0.0,100.0,8.2,15.0,0.0,202402,0.9903448275862069,,,20.793793103448277,310.9589655172414,18.02896551724138
분당,5호기,202402,35.0,0.0,100.0,8.2,15.0,0.0,202402,2.1558620689655172,,,20.389310344827585,6374.496551724138,32.19068965517241
분당,6호기,202402,35.0,0.0,100.0,8.2,15.0,0.0,202402,8.053448275862069,,,15.433793103448275,66168.3724137931,110.09448275862069
분당,7호기,202402,35.0,0.0,100.0,8.2,15.0,0.0,202402,4.540344827586207,,,18.727931034482758,25282.736551724138,54.07206896551724
분당,8호기,202402,35.0,0.0,100.0,8.2,15.0,0.0,202402,8.23551724137931,,,15.327586206896552,65309.33689655172,112.7003448275862
삼천포,3A호기,202402,70.0,16.2,140.0,32.0,25.0,3.8,202402,94.04172413793104,18.299655172413797,74.6851724137931,9.798275862068964,29108.208620689657,77.4548275862069
삼천포,3B호기,202402,70.0,16.2,140.0,32.0,25.0,3.8,202402,33.94034482758621,20.16793103448276,34.39931034482759,9.707931034482758,29680.695172413794,78.98586206896552
삼천포,4A호기,202402,70.0,16.2,140.0,32.0,25.0,3.8,202402,118.3003448275862,8.377931034482758,466.8120689655172,17.408620689655173,17981.13551724138,32.12586206896552
삼천포,4B호기,202402,70.0,16.2,140.0,32.0,25.0,3.8,202402,47.777931034482755,5.341379310344828,97.4644827586207,17.332758620689653,22473.850689655173,27.343103448275862
삼천포,5A호기,202402,140.0,9.5,140.0,2.6,25.0,1.0,202402,14.168965517241379,9.110689655172413,102.64,12.486206896551723,43481.92724137931,55.80413793103448
삼천포,5B호기,202402,140.0,9.5,140.0,2.6,25.0,1.0,202402,17.693793103448275,13.53793103448276,519.8544827586207,12.641379310344828,35595.90103448276,54.31689655172414
삼천포,6A호기,202402,140.0,9.5,140.0,2.6,25.0,1.0,202402,23.138275862068966,15.591379310344829,311.36310344827587,8.314137931034484,61686.54586206897,62.90172413793104
삼천포,6B호기,202402,140.0,9.5,140.0,2.6,25.0,1.0,202402,11.393793103448276,11.205862068965518,774.6275862068966,8.196551724137931,70173.35793103448,78.09172413793102
여수,1호기,202402,,2.7,,18.9,,2.0,202402,18.980689655172416,2.783793103448276,2.056896551724138,7.241379310344827,58525.1075862069,88.70965517241379
영흥,1호기,202402,45.0,1.6,55.0,10.0,20.0,3.0,202402,4.402758620689656,32.30344827586207,672.2586206896551,21.065862068965515,43.97586206896552,2.1989655172413793
영흥,2호기,202402,45.0,1.6,55.0,10.0,20.0,3.0,202402,1.0920689655172415,6.459310344827586,586.0,21.101034482758617,48.54724137931034,2.7055172413793103
영흥,3호기,202402,25.0,15.6,15.0,12.2,5.0,1.9,202402,12.670344827586208,15.76896551724138,1.6248275862068964,5.3244827586206895,119214.27793103448,85.41931034482758
영흥,4호기,202402,25.0,15.6,15.0,12.2,5.0,1.9,202402,11.270689655172415,14.615862068965518,20.923448275862068,7.0006896551724145,188125.51241379313,77.57724137931034
삼천포,5A호기,202402,25.0,10.6,15.0,9.5,5.0,2.5,202402,14.168965517241379,9.110689655172413,102.64,12.486206896551723,43481.92724137931,55.80413793103448
삼천포,5B호기,202402,25.0,10.6,15.0,9.5,5.0,2.5,202402,17.693793103448275,13.53793103448276,519.8544827586207,12.641379310344828,35595.90103448276,54.31689655172414
삼천포,6A호기,202402,25.0,10.6,15.0,9.5,5.0,2.5,202402,23.138275862068966,15.591379310344829,311.36310344827587,8.314137931034484,61686.54586206897,62.90172413793104
삼천포,6B호기,202402,25.0,10.6,15.0,9.5,5.0,2.5,202402,11.393793103448276,11.205862068965518,774.6275862068966,8.196551724137931,70173.35793103448,78.09172413793102
분당,1호기,202401,35.0,0.0,100.0,8.0,15.0,0.0,202401,7.847419354838709,,,15.929032258064517,59079.18161290322,114.38096774193548
분당,2호기,202401,35.0,0.0,100.0,8.0,15.0,0.0,202401,3.569032258064516,,,19.24451612903226,18371.39677419355,54.11354838709677
분당,3호기,202401,35.0,0.0,100.0,8.0,15.0,0.0,202401,5.298709677419355,,,16.82032258064516,44029.254516129025,98.92064516129032
분당,4호기,202401,35.0,0.0,100.0,8.0,15.0,0.0,202401,3.777741935483871,,,18.469032258064516,32387.385483870967,63.756129032258066
분당,5호기,202401,35.0,0.0,100.0,8.0,15.0,0.0,202401,6.3835483870967735,,,17.34258064516129,51374.073870967746,84.86516129032259
분당,6호기,202401,35.0,0.0,100.0,8.0,15.0,0.0,202401,7.759677419354839,,,15.422903225806452,67181.43806451613,109.28774193548388
분당,7호기,202401,35.0,0.0,100.0,8.0,15.0,0.0,202401,6.845806451612903,,,15.971290322580646,60957.90419354839,96.64612903225807
분당,8호기,202401,35.0,0.0,100.0,8.0,15.0,0.0,202401,7.099354838709678,,,16.16548387096774,58339.96870967742,101.11419354838709
삼천포,3A호기,202401,70.0,14.3,140.0,32.4,25.0,4.9,202401,54.77161290322581,22.945483870967742,202.76935483870966,8.623870967741935,62801.984516129036,83.46387096774194
삼천포,3B호기,202401,70.0,14.3,140.0,32.4,25.0,4.9,202401,30.43903225806452,14.871290322580645,46.62,8.510645161290322,64385.68741935484,86.62967741935483
삼천포,4A호기,202401,70.0,14.3,140.0,32.4,25.0,4.9,202401,34.538387096774194,20.72451612903226,82.02451612903226,7.089677419354839,69780.44129032259,83.81129032258065
삼천포,4B호기,202401,70.0,14.3,140.0,32.4,25.0,4.9,202401,34.472903225806455,10.089032258064515,41.24645161290323,7.18,86948.61548387098,78.91290322580646
삼천포,5A호기,202401,140.0,10.5,140.0,2.9,25.0,1.0,202401,9.799032258064516,10.733225806451614,20.43322580645161,8.049999999999999,67740.2864516129,80.05354838709677
삼천포,5B호기,202401,140.0,10.5,140.0,2.9,25.0,1.0,202401,8.962580645161289,12.96483870967742,74.04451612903226,8.152903225806451,56282.34161290323,80.90677419354839
삼천포,6A호기,202401,140.0,10.5,140.0,2.9,25.0,1.0,202401,26.045483870967743,12.94516129032258,216.77193548387098,10.34290322580645,51246.690322580645,55.90548387096774
삼천포,6B호기,202401,140.0,10.5,140.0,2.9,25.0,1.0,202401,17.43516129032258,9.589032258064515,535.5054838709679,10.283548387096776,58393.017096774194,70.09322580645161
여수,1호기,202401,,3.3,,18.7,,1.9,202401,15.3,2.221290322580645,22.311935483870965,11.589354838709676,42297.41741935484,66.20548387096774
영흥,1호기,202401,45.0,1.6,55.0,10.2,20.0,3.1,202401,6.4235483870967744,73.55354838709677,572.0048387096774,21.09935483870968,40.66709677419355,0.9583870967741935
영흥,2호기,202401,45.0,1.6,55.0,10.2,20.0,3.1,202401,1.4138709677419354,6.47,565.5983870967742,21.121935483870967,47.68677419354839,1.2732258064516129
영흥,3호기,202401,25.0,16.0,15.0,12.8,5.0,2.3,202401,12.90516129032258,16.32483870967742,2.141290322580645,4.924193548387097,169861.5958064516,86.48516129032258
영흥,4호기,202401,25.0,16.0,15.0,12.8,5.0,2.3,202401,10.15741935483871,13.055806451612904,102.86451612903227,10.300322580645162,139504.8141935484,66.52967741935484
삼천포,5A호기,202401,25.0,10.1,15.0,9.9,5.0,2.8,202401,9.799032258064516,10.733225806451614,20.43322580645161,8.049999999999999,67740.2864516129,80.05354838709677
삼천포,5B호기,202401,25.0,10.1,15.0,9.9,5.0,2.8,202401,8.962580645161289,12.96483870967742,74.04451612903226,8.152903225806451,56282.34161290323,80.90677419354839
삼천포,6A호기,202401,25.0,10.1,15.0,9.9,5.0,2.8,202401,26.045483870967743,12.94516129032258,216.77193548387098,10.34290322580645,51246.690322580645,55.90548387096774
삼천포,6B호기,202401,25.0,10.1,15.0,9.9,5.0,2.8,202401,17.43516129032258,9.589032258064515,535.5054838709679,10.283548387096776,58393.017096774194,70.09322580645161
분당,1호기,202308,35.0,0.0,100.0,9.7,15.0,0.0,202308,2.1980645161290324,,,20.169999999999998,5485.593225806451,61.24354838709677
분당,2호기,202308,35.0,0.0,100.0,9.7,15.0,0.0,202308,1.486774193548387,,,20.24,5496.398387096774,57.295161290322575
분당,3호기,202308,35.0,0.0,100.0,9.7,15.0,0.0,202308,1.7841935483870968,,,20.140645161290323,6058.902258064516,62.3041935483871
분당,4호기,202308,35.0,0.0,100.0,9.7,15.0,0.0,202308,1.1774193548387097,,,20.39774193548387,3841.126774193548,52.447741935483876
분당,5호기,202308,35.0,0.0,100.0,9.7,15.0,0.0,202308,1.5016129032258063,,,20.366774193548387,4340.648709677419,56.26032258064516
분당,6호기,202308,35.0,0.0,100.0,9.7,15.0,0.0,202308,12.809032258064516,,,19.677096774193547,9686.18,54.94096774193549
분당,7호기,202308,35.0,0.0,100.0,9.7,15.0,0.0,202308,1.6193548387096774,,,19.893548387096775,8577.76870967742,51.17
분당,8호기,202308,35.0,0.0,100.0,9.7,15.0,0.0,202308,13.939032258064517,,,19.710967741935484,10546.456451612905,55.37096774193548
분당,1호기,202307,35.0,0.0,100.0,11.1,15.0,0.0,202307,3.1225806451612903,,,20.378709677419355,3725.4625806451613,58.25806451612903
분당,2호기,202307,35.0,0.0,100.0,11.1,15.0,0.0,202307,1.2483870967741937,,,20.493870967741934,2880.5387096774193,54.56290322580645
분당,3호기,202307,35.0,0.0,100.0,11.1,15.0,0.0,202307,1.4425806451612904,,,20.479032258064517,2713.5716129032257,54.50258064516129
분당,4호기,202307,35.0,0.0,100.0,11.1,15.0,0.0,202307,1.1809677419354838,,,20.651935483870968,1393.0625806451615,45.71806451612903
분당,5호기,202307,35.0,0.0,100.0,11.1,15.0,0.0,202307,1.4709677419354839,,,20.59935483870968,2240.9822580645164,53.31645161290322
분당,6호기,202307,35.0,0.0,100.0,11.1,15.0,0.0,202307,18.67838709677419,,,19.876451612903224,8362.17064516129,52.75290322580645
분당,7호기,202307,35.0,0.0,100.0,11.1,15.0,0.0,202307,1.0232258064516129,,,20.29741935483871,4804.49935483871,44.45193548387097
분당,8호기,202307,35.0,0.0,100.0,11.1,15.0,0.0,202307,18.263870967741934,,,19.870645161290323,9473.893548387097,53.88580645161291
삼천포,3A호기,202307,70.0,15.2,140.0,32.2,25.0,3.6,202307,31.13258064516129,14.137096774193548,4.273548387096775,6.811290322580645,68516.58064516129,97.91258064516128
삼천포,3B호기,202307,70.0,15.2,140.0,32.2,25.0,3.6,202307,29.044516129032257,18.70709677419355,7.159677419354838,6.6651612903225805,51247.21516129032,100.85225806451614
삼천포,4A호기,202307,70.0,15.2,140.0,32.2,25.0,3.6,202307,36.32677419354838,16.698064516129033,255.6325806451613,11.575806451612904,48413.38548387097,74.26870967741935
삼천포,4B호기,202307,70.0,15.2,140.0,32.2,25.0,3.6,202307,22.301290322580645,5.981612903225806,167.1783870967742,11.582258064516129,52452.881290322584,71.22451612903225
삼천포,5A호기,202307,140.0,7.7,140.0,2.1,25.0,1.1,202307,3.4019354838709677,6.404516129032258,10.758064516129032,9.176774193548388,57498.318064516134,71.33806451612904
삼천포,5B호기,202307,140.0,7.7,140.0,2.1,25.0,1.1,202307,3.3748387096774195,6.210967741935484,7.554516129032258,9.061290322580644,51424.738064516125,80.59096774193549
삼천포,6A호기,202307,140.0,7.7,140.0,2.1,25.0,1.1,202307,2.697741935483871,8.71967741935484,82.0725806451613,8.186774193548386,66467.91741935484,75.61580645161291
삼천포,6B호기,202307,140.0,7.7,140.0,2.1,25.0,1.1,202307,2.8167741935483868,4.248064516129032,193.1874193548387,8.061612903225805,60187.24612903225,80.61677419354838
여수,1호기,202307,,0.9,,20.5,,2.1,202307,20.359354838709677,0.8916129032258064,2.072903225806452,6.553548387096774,71479.94580645161,92.58548387096775
영흥,1호기,202307,45.0,1.6,55.0,9.8,20.0,4.7,202307,0.008387096774193548,0.0,139.75967741935486,20.754193548387097,173.9641935483871,23.10451612903226
영흥,2호기,202307,45.0,1.6,55.0,9.8,20.0,4.7,202307,0.9045161290322581,0.0,450.85322580645163,20.93064516129032,60.45967741935484,23.547096774193548
영흥,3호기,202307,25.0,14.0,15.0,11.2,5.0,1.4,202307,10.646774193548387,12.234838709677419,12.845806451612905,7.321935483870967,178799.96419354837,79.23032258064515
영흥,4호기,202307,25.0,14.0,15.0,11.2,5.0,1.4,202307,10.44483870967742,13.591935483870968,1.3551612903225805,4.699032258064515,214238.24483870968,83.43709677419355
삼천포,5A호기,202307,25.0,8.4,15.0,10.1,5.0,2.5,202307,3.4019354838709677,6.404516129032258,10.758064516129032,9.176774193548388,57498.318064516134,71.33806451612904
삼천포,5B호기,202307,25.0,8.4,15.0,10.1,5.0,2.5,202307,3.3748387096774195,6.210967741935484,7.554516129032258,9.061290322580644,51424.738064516125,80.59096774193549
삼천포,6A호기,202307,25.0,8.4,15.0,10.1,5.0,2.5,202307,2.697741935483871,8.71967741935484,82.0725806451613,8.186774193548386,66467.91741935484,75.61580645161291
삼천포,6B호기,202307,25.0,8.4,15.0,10.1,5.0,2.5,202307,2.8167741935483868,4.248064516129032,193.1874193548387,8.061612903225805,60187.24612903225,80.61677419354838
분당,1호기,202306,35.0,0.0,100.0,9.1,15.0,0.0,202306,2.9443333333333332,,,20.111333333333334,6788.982666666667,65.05
분당,2호기,202306,35.0,0.0,100.0,9.1,15.0,0.0,202306,1.7573333333333332,,,20.317,4779.303333333333,58.89633333333333
분당,3호기,202306,35.0,0.0,100.0,9.1,15.0,0.0,202306,1.7423333333333333,,,20.305666666666664,4496.265,53.30366666666667
분당,4호기,202306,35.0,0.0,100.0,9.1,15.0,0.0,202306,1.3116666666666668,,,20.551333333333332,2323.6306666666665,41.278
분당,5호기,202306,35.0,0.0,100.0,9.1,15.0,0.0,202306,2.365333333333333,,,20.442333333333334,3772.3146666666667,54.49166666666667
분당,6호기,202306,35.0,0.0,100.0,9.1,15.0,0.0,202306,21.201,,,20.312333333333335,4070.6936666666666,35.34866666666667
분당,7호기,202306,35.0,0.0,100.0,9.1,15.0,0.0,202306,3.0540000000000003,,,18.401999999999997,24096.058333333334,71.31933333333333
분당,8호기,202306,35.0,0.0,100.0,9.1,15.0,0.0,202306,13.448333333333332,,,18.144000000000002,26521.766,76.79033333333334
삼천포,3A호기,202306,70.0,12.7,140.0,32.7,25.0,4.6,202306,40.682,11.696,178.67299999999997,9.236333333333333,57742.378000000004,85.02466666666666
삼천포,3B호기,202306,70.0,12.7,140.0,32.7,25.0,4.6,202306,27.182333333333336,16.248,156.56533333333334,9.15,43152.058333333334,86.88366666666666
삼천포,4A호기,202306,70.0,12.7,140.0,32.7,25.0,4.6,202306,45.529666666666664,16.259,60.885999999999996,9.912,57447.382333333335,77.78
삼천포,4B호기,202306,70.0,12.7,140.0,32.7,25.0,4.6,202306,26.692666666666664,5.996333333333333,217.126,9.848,61639.50266666667,75.373
삼천포,5A호기,202306,140.0,7.4,140.0,2.1,25.0,1.0,202306,2.0396666666666667,6.145333333333334,10.279666666666666,8.966000000000001,32188.869000000002,70.88733333333333
삼천포,5B호기,202306,140.0,7.4,140.0,2.1,25.0,1.0,202306,2.2116666666666664,6.072,0.44633333333333336,8.766,28555.794666666665,80.49933333333334
삼천포,6A호기,202306,140.0,7.4,140.0,2.1,25.0,1.0,202306,3.68,20.307666666666666,569.6643333333334,10.743,26987.243000000002,67.34366666666666
삼천포,6B호기,202306,140.0,7.4,140.0,2.1,25.0,1.0,202306,4.056666666666667,5.393,95.45633333333333,10.599666666666668,29463.966,67.971
여수,1호기,202306,,1.5,,19.9,,2.0,202306,20.459333333333333,1.4326666666666668,16.572999999999997,7.902666666666666,68085.98166666666,86.05666666666666
영흥,1호기,202306,45.0,1.9,55.0,9.8,20.0,5.5,202306,0.007333333333333333,0.0,133.46966666666668,20.758,131.88,18.483999999999998
영흥,2호기,202306,45.0,1.9,55.0,9.8,20.0,5.5,202306,0.37900000000000006,0.0,423.68933333333337,20.93,46.846333333333334,19.095000000000002
영흥,3호기,202306,25.0,13.3,15.0,11.3,5.0,1.4,202306,8.371333333333332,6.850666666666667,26.559666666666665,12.499333333333334,105568.04166666667,58.68633333333333
영흥,4호기,202306,25.0,13.3,15.0,11.3,5.0,1.4,202306,10.714,13.349666666666668,1.325,4.7636666666666665,216203.22233333334,85.17966666666666
삼천포,5A호기,202306,25.0,9.3,15.0,10.1,5.0,1.7,202306,2.0396666666666667,6.145333333333334,10.279666666666666,8.966000000000001,32188.869000000002,70.88733333333333
삼천포,5B호기,202306,25.0,9.3,15.0,10.1,5.0,1.7,202306,2.2116666666666664,6.072,0.44633333333333336,8.766,28555.794666666665,80.49933333333334
삼천포,6A호기,202306,25.0,9.3,15.0,10.1,5.0,1.7,202306,3.68,20.307666666666666,569.6643333333334,10.743,26987.243000000002,67.34366666666666
삼천포,6B호기,202306,25.0,9.3,15.0,10.1,5.0,1.7,202306,4.056666666666667,5.393,95.45633333333333,10.599666666666668,29463.966,67.971
분당,1호기,202305,35.0,0.0,100.0,11.3,15.0,0.0,202305,3.868387096774194,,,20.399354838709677,3609.934193548387,42.29096774193548
분당,2호기,202305,35.0,0.0,100.0,11.3,15.0,0.0,202305,3.3112903225806454,,,20.45451612903226,3154.0512903225804,41.559677419354834
분당,3호기,202305,35.0,0.0,100.0,11.3,15.0,0.0,202305,2.30258064516129,,,20.70258064516129,818.4029032258065,27.68516129032258
분당,4호기,202305,35.0,0.0,100.0,11.3,15.0,0.0,202305,1.1593548387096773,,,20.680967741935483,751.4138709677419,26.904516129032256
분당,5호기,202305,35.0,0.0,100.0,11.3,15.0,0.0,202305,2.4970967741935484,,,20.74290322580645,174.66677419354838,26.80290322580645
분당,6호기,202305,35.0,0.0,100.0,11.3,15.0,0.0,202305,18.478064516129034,,,19.726129032258065,10107.561612903226,49.619677419354836
분당,7호기,202305,35.0,0.0,100.0,11.3,15.0,0.0,202305,6.714516129032258,,,20.299032258064514,3530.543870967742,38.369354838709675
분당,8호기,202305,35.0,0.0,100.0,11.3,15.0,0.0,202305,20.470000000000002,,,19.852903225806454,9791.001612903225,48.44258064516129
삼천포,3A호기,202305,70.0,14.3,140.0,32.8,25.0,4.6,202305,51.546129032258065,12.777096774193547,30.728387096774192,10.371612903225806,55849.08483870967,76.78451612903227
삼천포,3B호기,202305,70.0,14.3,140.0,32.8,25.0,4.6,202305,30.622258064516128,20.741290322580646,44.38612903225807,10.288064516129033,42040.238064516125,79.49612903225807
삼천포,4A호기,202305,70.0,14.3,140.0,32.8,25.0,4.6,202305,41.76064516129032,19.220000000000002,138.7525806451613,8.880322580645162,64598.5,82.59193548387097
삼천포,4B호기,202305,70.0,14.3,140.0,32.8,25.0,4.6,202305,29.714193548387097,7.71516129032258,53.950967741935486,8.753225806451614,74057.42451612903,78.02741935483871
삼천포,5A호기,202305,140.0,8.1,140.0,3.0,25.0,1.0,202305,4.898387096774194,6.208709677419355,6.161290322580645,8.036774193548387,67317.39032258064,70.64
삼천포,5B호기,202305,140.0,8.1,140.0,3.0,25.0,1.0,202305,5.567741935483871,6.766451612903226,9.761935483870968,7.6980645161290315,56804.76225806452,78.70258064516129
삼천포,6A호기,202305,140.0,8.1,140.0,3.0,25.0,1.0,202305,4.773225806451613,6.314516129032258,10.447096774193549,7.419354838709677,62596.96129032258,80.70677419354838
삼천포,6B호기,202305,140.0,8.1,140.0,3.0,25.0,1.0,202305,5.216451612903226,7.296774193548388,17.445483870967742,7.25,71133.11741935484,81.26612903225806
여수,1호기,202305,,2.2,,18.6,,2.3,202305,39.42290322580645,0.4658064516129033,141.6274193548387,18.104193548387098,12330.656774193549,32.84806451612903
영흥,1호기,202305,45.0,1.9,55.0,10.2,20.0,5.6,202305,0.017741935483870968,0.0,146.8358064516129,20.769032258064517,32.75354838709678,15.104516129032259
영흥,2호기,202305,45.0,1.9,55.0,10.2,20.0,5.6,202305,0.5812903225806452,0.0,531.6196774193548,20.942903225806454,24.12,15.709032258064516
영흥,3호기,202305,25.0,14.7,15.0,11.7,5.0,1.5,202305,9.787741935483872,12.769032258064517,21.66709677419355,8.23,154596.40193548388,75.13806451612903
영흥,4호기,202305,25.0,14.7,15.0,11.7,5.0,1.5,202305,11.436129032258064,13.961935483870967,1.4125806451612903,4.578064516129031,224038.3187096774,84.32354838709676
삼천포,5A호기,202305,25.0,9.9,15.0,10.8,5.0,1.3,202305,4.898387096774194,6.208709677419355,6.161290322580645,8.036774193548387,67317.39032258064,70.64
삼천포,5B호기,202305,25.0,9.9,15.0,10.8,5.0,1.3,202305,5.567741935483871,6.766451612903226,9.761935483870968,7.6980645161290315,56804.76225806452,78.70258064516129
삼천포,6A호기,202305,25.0,9.9,15.0,10.8,5.0,1.3,202305,4.773225806451613,6.314516129032258,10.447096774193549,7.419354838709677,62596.96129032258,80.70677419354838
삼천포,6B호기,202305,25.0,9.9,15.0,10.8,5.0,1.3,202305,5.216451612903226,7.296774193548388,17.445483870967742,7.25,71133.11741935484,81.26612903225806
분당,1호기,202304,35.0,0.0,100.0,9.4,15.0,0.0,202304,3.0420000000000003,,,20.595333333333333,1738.468,37.37533333333333
분당,2호기,202304,35.0,0.0,100.0,9.4,15.0,0.0,202304,1.7023333333333333,,,20.604333333333333,1898.1956666666667,34.542
분당,3호기,202304,35.0,0.0,100.0,9.4,15.0,0.0,202304,1.430344827586207,,,20.671724137931037,1482.7989655172414,29.981724137931035
분당,4호기,202304,35.0,0.0,100.0,9.4,15.0,0.0,202304,1.113,,,20.749333333333333,346.06733333333335,21.733999999999998
분당,5호기,202304,35.0,0.0,100.0,9.4,15.0,0.0,202304,1.9633333333333334,,,20.701,777.783,27.778333333333332
분당,6호기,202304,35.0,0.0,100.0,9.4,15.0,0.0,202304,12.864,,,17.949333333333335,28759.630666666668,84.378
분당,7호기,202304,35.0,0.0,100.0,9.4,15.0,0.0,202304,1.2813333333333332,,,19.979333333333333,8409.498,42.477
분당,8호기,202304,35.0,0.0,100.0,9.4,15.0,0.0,202304,15.287666666666667,,,18.549,23937.701666666668,74.74766666666666
삼천포,3A호기,202304,70.0,15.3,140.0,33.4,25.0,3.3,202304,40.14833333333333,13.293000000000001,15.620000000000001,8.888666666666666,62684.99566666667,83.818
삼천포,3B호기,202304,70.0,15.3,140.0,33.4,25.0,3.3,202304,33.18233333333333,17.708000000000002,19.136333333333333,8.804333333333334,47004.049666666666,86.44699999999999
삼천포,4A호기,202304,70.0,15.3,140.0,33.4,25.0,3.3,202304,64.61133333333333,14.217333333333332,232.16199999999998,14.761666666666665,32742.04666666667,51.924
삼천포,4B호기,202304,70.0,15.3,140.0,33.4,25.0,3.3,202304,38.69733333333333,5.608666666666666,609.529,14.699666666666667,38477.020333333334,50.267
삼천포,5A호기,202304,140.0,7.5,140.0,3.1,25.0,1.0,202304,8.917,6.717333333333333,27.517666666666667,11.952666666666666,46980.325,56.178
삼천포,5B호기,202304,140.0,7.5,140.0,3.1,25.0,1.0,202304,5.804666666666666,5.479,40.845666666666666,11.779,38685.621999999996,52.759
삼천포,6A호기,202304,140.0,7.5,140.0,3.1,25.0,1.0,202304,6.260666666666666,6.093333333333334,10.904666666666666,7.734666666666667,60580.420000000006,81.304
삼천포,6B호기,202304,140.0,7.5,140.0,3.1,25.0,1.0,202304,5.899666666666667,6.646333333333333,84.72666666666667,7.559333333333333,69591.842,81.98333333333333
여수,1호기,202304,,6.3,,20.1,,2.3,202304,22.460666666666665,5.271333333333333,28.900333333333332,9.135,73441.49666666666,78.865
영흥,1호기,202304,45.0,1.7,55.0,9.9,20.0,5.2,202304,0.014,0.0,118.369,20.701,281.30833333333334,10.109666666666667
영흥,2호기,202304,45.0,1.7,55.0,9.9,20.0,5.2,202304,0.0023333333333333335,0.0,147.52266666666668,20.795333333333335,222.33066666666667,10.695666666666666
영흥,3호기,202304,25.0,14.9,15.0,11.8,5.0,1.5,202304,12.202333333333334,15.794666666666668,1.5646666666666667,4.485333333333333,227717.7713333333,85.59933333333333
영흥,4호기,202304,25.0,14.9,15.0,11.8,5.0,1.5,202304,11.431666666666667,14.012666666666666,1.4966666666666666,4.678333333333333,224468.23700000002,84.188
삼천포,5A호기,202304,25.0,8.6,15.0,9.8,5.0,2.1,202304,8.917,6.717333333333333,27.517666666666667,11.952666666666666,46980.325,56.178
삼천포,5B호기,202304,25.0,8.6,15.0,9.8,5.0,2.1,202304,5.804666666666666,5.479,40.845666666666666,11.779,38685.621999999996,52.759
삼천포,6A호기,202304,25.0,8.6,15.0,9.8,5.0,2.1,202304,6.260666666666666,6.093333333333334,10.904666666666666,7.734666666666667,60580.420000000006,81.304
삼천포,6B호기,202304,25.0,8.6,15.0,9.8,5.0,2.1,202304,5.899666666666667,6.646333333333333,84.72666666666667,7.559333333333333,69591.842,81.98333333333333
분당,1호기,202303,35.0,0.0,100.0,8.8,15.0,0.0,202303,20.016129032258064,,,19.820967741935487,10335.244193548388,44.193548387096776
분당,2호기,202303,35.0,0.0,100.0,8.8,15.0,0.0,202303,5.538387096774193,,,18.04032258064516,26064.36741935484,76.65838709677419
분당,3호기,202303,35.0,0.0,100.0,8.8,15.0,0.0,202303,6.031290322580645,,,18.065483870967743,28883.53129032258,78.5783870967742
분당,4호기,202303,35.0,0.0,100.0,8.8,15.0,0.0,202303,4.073225806451613,,,18.629354838709677,22017.81258064516,57.79129032258064
분당,5호기,202303,35.0,0.0,100.0,8.8,15.0,0.0,202303,3.7462068965517243,,,19.525172413793104,14192.433448275862,44.951034482758615
분당,6호기,202303,35.0,0.0,100.0,8.8,15.0,0.0,202303,11.596774193548388,,,18.209032258064518,26970.488709677422,59.203548387096774
분당,7호기,202303,35.0,0.0,100.0,8.8,15.0,0.0,202303,1.369032258064516,,,19.428709677419352,14503.810967741936,38.858064516129026
분당,8호기,202303,35.0,0.0,100.0,8.8,15.0,0.0,202303,11.36483870967742,,,18.495806451612903,25326.312580645164,57.86032258064516
삼천포,3A호기,202303,70.0,17.1,140.0,34.7,25.0,3.8,202303,95.95193548387095,18.418709677419354,48.97354838709678,18.12483870967742,14025.710322580646,31.56967741935484
삼천포,3B호기,202303,70.0,17.1,140.0,34.7,25.0,3.8,202303,35.06193548387097,11.899677419354838,93.50967741935484,18.148064516129033,10251.280322580646,31.281935483870967
삼천포,4A호기,202303,70.0,17.1,140.0,34.7,25.0,3.8,202303,60.99193548387097,16.34,500.6038709677419,16.760967741935485,21216.129032258064,40.31903225806452
삼천포,4B호기,202303,70.0,17.1,140.0,34.7,25.0,3.8,202303,37.90451612903226,6.4964516129032255,267.7625806451613,16.776451612903227,24349.42258064516,38.46225806451613
삼천포,5A호기,202303,140.0,7.6,140.0,3.5,25.0,1.0,202303,7.64,5.122903225806452,21.576451612903227,7.9316129032258065,68074.52387096775,65.02645161290323
삼천포,5B호기,202303,140.0,7.6,140.0,3.5,25.0,1.0,202303,6.269032258064517,6.313225806451613,4.808064516129033,7.91774193548387,57089.04258064516,72.59612903225806
삼천포,6A호기,202303,140.0,7.6,140.0,3.5,25.0,1.0,202303,6.485806451612904,7.274193548387097,15.064516129032258,7.197096774193548,61677.7535483871,82.27774193548387
삼천포,6B호기,202303,140.0,7.6,140.0,3.5,25.0,1.0,202303,4.828387096774194,7.6654838709677415,124.87096774193547,6.977741935483871,70981.0329032258,83.97354838709677
여수,1호기,202303,,2.7,,18.3,,2.4,202303,18.304193548387094,2.658709677419355,2.4096774193548387,6.449677419354838,87674.18419354838,86.88806451612902
영흥,1호기,202303,45.0,1.6,55.0,9.9,20.0,4.8,202303,0.10225806451612902,0.6416129032258064,139.56709677419354,20.749354838709678,206.36322580645162,5.4799999999999995
영흥,2호기,202303,45.0,1.6,55.0,9.9,20.0,4.8,202303,0.03225806451612903,0.0,178.61064516129034,20.83516129032258,122.42,6.0922580645161295
영흥,3호기,202303,25.0,14.3,15.0,11.8,5.0,1.5,202303,12.182903225806452,15.106451612903227,1.5103225806451612,4.652903225806452,200604.38,87.33838709677418
영흥,4호기,202303,25.0,14.3,15.0,11.8,5.0,1.5,202303,19.727096774193548,9.090645161290322,23.29,9.899999999999999,146559.83290322582,65.0841935483871
삼천포,5A호기,202303,25.0,7.7,15.0,9.7,5.0,2.3,202303,7.64,5.122903225806452,21.576451612903227,7.9316129032258065,68074.52387096775,65.02645161290323
삼천포,5B호기,202303,25.0,7.7,15.0,9.7,5.0,2.3,202303,6.269032258064517,6.313225806451613,4.808064516129033,7.91774193548387,57089.04258064516,72.59612903225806
삼천포,6A호기,202303,25.0,7.7,15.0,9.7,5.0,2.3,202303,6.485806451612904,7.274193548387097,15.064516129032258,7.197096774193548,61677.7535483871,82.27774193548387
삼천포,6B호기,202303,25.0,7.7,15.0,9.7,5.0,2.3,202303,4.828387096774194,7.6654838709677415,124.87096774193547,6.977741935483871,70981.0329032258,83.97354838709677
분당,1호기,202302,35.0,0.0,100.0,9.7,15.0,0.0,202302,9.258214285714287,,,15.447142857142856,57250.467500000006,125.30678571428572
분당,2호기,202302,35.0,0.0,100.0,9.7,15.0,0.0,202302,3.4289285714285715,,,19.40285714285714,13609.860357142856,52.87
분당,3호기,202302,35.0,0.0,100.0,9.7,15.0,0.0,202302,10.184642857142858,,,15.482857142857142,56768.19357142857,123.14750000000001
분당,4호기,202302,35.0,0.0,100.0,9.7,15.0,0.0,202302,2.87,,,20.19107142857143,6676.087500000001,33.221785714285716
분당,5호기,202302,35.0,0.0,100.0,9.7,15.0,0.0,202302,8.627857142857142,,,16.398214285714285,50071.3275,95.09714285714286
분당,6호기,202302,35.0,0.0,100.0,9.7,15.0,0.0,202302,9.090714285714286,,,16.023571428571426,48271.15107142857,104.31464285714286
분당,7호기,202302,35.0,0.0,100.0,9.7,15.0,0.0,202302,2.6207142857142856,,,19.21535714285714,17014.261071428573,44.85321428571429
분당,8호기,202302,35.0,0.0,100.0,9.7,15.0,0.0,202302,9.145357142857142,,,15.853571428571428,52453.11607142857,108.12464285714285
삼천포,3A호기,202302,70.0,19.3,140.0,34.8,25.0,4.1,202302,35.505714285714284,20.208214285714288,108.86107142857142,6.821785714285714,36745.48357142857,89.26964285714287
삼천포,3B호기,202302,70.0,19.3,140.0,34.8,25.0,4.1,202302,32.556428571428576,21.125357142857144,59.50428571428572,6.668571428571428,26784.844285714287,92.60000000000001
삼천포,4A호기,202302,70.0,19.3,140.0,34.8,25.0,4.1,202302,24.226428571428574,9.079642857142856,57.200714285714284,19.174642857142857,6315.459642857143,17.4775
삼천포,4B호기,202302,70.0,19.3,140.0,34.8,25.0,4.1,202302,24.141428571428573,6.753571428571428,277.3335714285714,19.199285714285715,6658.9175000000005,18.115357142857142
삼천포,5A호기,202302,140.0,8.6,140.0,2.8,25.0,1.0,202302,6.415357142857142,10.770714285714288,7.299642857142857,7.440714285714286,74128.46321428572,71.35428571428572
삼천포,5B호기,202302,140.0,8.6,140.0,2.8,25.0,1.0,202302,6.011071428571428,10.037142857142857,4.245357142857143,7.623928571428571,59185.92964285715,72.61928571428571
삼천포,6A호기,202302,140.0,8.6,140.0,2.8,25.0,1.0,202302,9.491785714285713,9.494642857142859,62.942142857142855,7.841785714285714,60390.474642857145,81.00285714285714
삼천포,6B호기,202302,140.0,8.6,140.0,2.8,25.0,1.0,202302,6.200714285714286,8.798571428571428,23.023214285714285,7.601785714285714,69325.00749999999,80.48857142857142
여수,1호기,202302,,2.1,,18.1,,2.3,202302,18.78607142857143,2.0707142857142857,25.74142857142857,7.8275,82795.36178571428,84.72142857142856
영흥,1호기,202302,45.0,1.4,55.0,9.5,20.0,4.3,202302,0.15392857142857141,0.3496428571428571,139.7567857142857,20.791428571428572,140.18964285714284,1.1303571428571428
영흥,2호기,202302,45.0,1.4,55.0,9.5,20.0,4.3,202302,0.0060714285714285705,0.0,252.02392857142857,20.889642857142857,96.37285714285714,1.625
영흥,3호기,202302,25.0,13.6,15.0,11.9,5.0,1.6,202302,11.429285714285713,12.493571428571428,20.25357142857143,7.1225000000000005,131474.4775,76.30821428571429
영흥,4호기,202302,25.0,13.6,15.0,11.9,5.0,1.6,202302,47.54964285714285,22.4725,44.42,15.885,57362.92444444444,36.98357142857143
삼천포,5A호기,202302,25.0,7.4,15.0,9.7,5.0,2.5,202302,6.415357142857142,10.770714285714288,7.299642857142857,7.440714285714286,74128.46321428572,71.35428571428572
삼천포,5B호기,202302,25.0,7.4,15.0,9.7,5.0,2.5,202302,6.011071428571428,10.037142857142857,4.245357142857143,7.623928571428571,59185.92964285715,72.61928571428571
삼천포,6A호기,202302,25.0,7.4,15.0,9.7,5.0,2.5,202302,9.491785714285713,9.494642857142859,62.942142857142855,7.841785714285714,60390.474642857145,81.00285714285714
삼천포,6B호기,202302,25.0,7.4,15.0,9.7,5.0,2.5,202302,6.200714285714286,8.798571428571428,23.023214285714285,7.601785714285714,69325.00749999999,80.48857142857142
분당,1호기,202301,35.0,0.0,100.0,9.3,15.0,0.0,202301,7.533225806451613,,,16.044516129032257,52068.92838709678,115.73967741935483
분당,2호기,202301,35.0,0.0,100.0,9.3,15.0,0.0,202301,5.156451612903226,,,18.779999999999998,19888.89322580645,66.08354838709678
분당,3호기,202301,35.0,0.0,100.0,9.3,15.0,0.0,202301,10.118387096774194,,,15.438709677419356,58028.93838709678,123.83903225806452
분당,4호기,202301,35.0,0.0,100.0,9.3,15.0,0.0,202301,4.78774193548387,,,19.194193548387098,17327.95451612903,47.59225806451612
분당,5호기,202301,35.0,0.0,100.0,9.3,15.0,0.0,202301,10.801612903225807,,,15.475806451612904,59967.40096774193,108.29645161290323
분당,6호기,202301,35.0,0.0,100.0,9.3,15.0,0.0,202301,7.854838709677419,,,15.615806451612904,53578.309677419355,112.83451612903225
분당,7호기,202301,35.0,0.0,100.0,9.3,15.0,0.0,202301,6.451935483870967,,,16.72483870967742,44319.13193548387,89.19258064516129
분당,8호기,202301,35.0,0.0,100.0,9.3,15.0,0.0,202301,8.495483870967742,,,15.781935483870969,55054.95129032258,110.5858064516129
삼천포,3A호기,202301,70.0,19.6,140.0,31.6,25.0,4.4,202301,42.26774193548387,22.536774193548386,24.273548387096774,7.701290322580645,67700.90225806453,86.16096774193548
삼천포,3B호기,202301,70.0,19.6,140.0,31.6,25.0,4.4,202301,35.94193548387097,21.317741935483873,13.73967741935484,7.481935483870967,69750.16612903225,88.92612903225806
삼천포,4A호기,202301,70.0,19.6,140.0,31.6,25.0,4.4,202301,31.936451612903223,21.162258064516127,11.388387096774194,8.166129032258064,64290.43387096774,79.32516129032258
삼천포,4B호기,202301,70.0,19.6,140.0,31.6,25.0,4.4,202301,31.919677419354837,9.63774193548387,49.056774193548385,7.958709677419355,72601.07967741936,76.25483870967743
삼천포,5A호기,202301,140.0,5.5,140.0,2.6,25.0,0.7,202301,8.644193548387095,6.137741935483871,14.567419354838709,8.829677419354839,64138.73741935483,66.18935483870968
삼천포,5B호기,202301,140.0,5.5,140.0,2.6,25.0,0.7,202301,7.3509677419354835,10.471290322580646,14.640645161290323,8.771935483870967,52455.37096774193,65.23451612903226
삼천포,6A호기,202301,140.0,5.5,140.0,2.6,25.0,0.7,202301,7.529032258064516,6.047741935483871,27.460322580645162,7.370645161290323,60906.97129032257,80.86806451612902
삼천포,6B호기,202301,140.0,5.5,140.0,2.6,25.0,0.7,202301,5.841935483870968,6.525806451612904,25.161935483870966,7.154516129032258,70901.22967741935,81.66870967741936
여수,1호기,202301,,1.3,,18.1,,2.6,202301,18.136451612903226,1.427741935483871,2.61741935483871,6.929032258064517,90039.05258064516,85.37387096774194
영흥,1호기,202301,45.0,1.6,55.0,9.7,20.0,4.9,202301,2.1229032258064517,0.23322580645161292,139.16967741935485,20.792258064516126,154.91935483870967,0.8116129032258065
영흥,2호기,202301,45.0,1.6,55.0,9.7,20.0,4.9,202301,0.0070967741935483875,0.0,276.19354838709677,20.894193548387097,90.37870967741935,1.062258064516129
영흥,3호기,202301,25.0,14.8,15.0,11.8,5.0,1.6,202301,11.703870967741935,13.774193548387096,13.226451612903228,5.668387096774193,190439.03451612903,83.48838709677419
영흥,4호기,202301,25.0,14.8,15.0,11.8,5.0,1.6,202301,71.25,6.945806451612903,102.34225806451613,20.86,2932.776451612903,1.1819354838709677
삼천포,5A호기,202301,25.0,7.7,15.0,9.6,5.0,2.1,202301,8.644193548387095,6.137741935483871,14.567419354838709,8.829677419354839,64138.73741935483,66.18935483870968
삼천포,5B호기,202301,25.0,7.7,15.0,9.6,5.0,2.1,202301,7.3509677419354835,10.471290322580646,14.640645161290323,8.771935483870967,52455.37096774193,65.23451612903226
삼천포,6A호기,202301,25.0,7.7,15.0,9.6,5.0,2.1,202301,7.529032258064516,6.047741935483871,27.460322580645162,7.370645161290323,60906.97129032257,80.86806451612902
삼천포,6B호기,202301,25.0,7.7,15.0,9.6,5.0,2.1,202301,5.841935483870968,6.525806451612904,25.161935483870966,7.154516129032258,70901.22967741935,81.66870967741936
